ID,Center Name,Zone,Address,Distance (km),Phone Number,Normalized WhatsApp,WhatsApp Outreach Link,Facebook Page,Priority,Strategic Pitch Angle
ielts-001,Global Citizen Institute,Panthapath & Kalabagan,"69/E, Panthapath, Green Road, Dhaka-1205",0.4,01955-544771,8801955544771,https://wa.me/8801955544771?text=Assalamu%20Alaikum%20Sir/Ma%27am%2C%0A%0APanthapath/Dhanmondi-te%20apnader%20Global%20Citizen%20Institute-er%20IELTS%20coaching%20activities%20regularly%20follow%20kori.%0A%0AAmar%20ekta%20quick%20proshno%20chhilo%3A%20Apnader%20ekhon%20je%20students-ra%20Computer-Delivered%20%28CD%29%20IELTS-er%20preparation%20nichhe%2C%20tader%20jonno%20ki%20apnader%20offline%2020%2B%20computer-er%20dedicated%20mock%20test%20lab%20ache%3F%0A%0ANa%20thakle%2C%20amra%20Dhanmondi/Panthapath-e%20ekta%20dedicated%2022-seat%20Computer-Delivered%20IELTS%20Lab%20set%20up%20korechi%20%28partitions%2C%20soundproof%20headsets%2C%20instant%20AI%20diagnostic%20scorecard%29.%0A%0AAmra%20local%20centers-der%20wholesale%20partner%20hishebe%20facility%20provide%20korchi%E2%80%94apnara%20apnader%20brand-e%20students-der%20CD%20mock%20test%20nite%20parben.%0A%0AApnake%20ki%20ekta%20sample%20printed%20A4%20diagnostic%20report%20pathabo%20jeta%20exam%20seshe%20student-der%20deya%20hoy%3F,https://facebook.com/globalcitizeninstitute,Tier 1 (Immediate Hook),Directly at Panthapath. Zero computer lab setup. High student foot traffic.
ielts-002,Patronus Education,Panthapath & Kalabagan,"69/B Monowara Plaza (3rd Floor), Panthapath Signal, Dhaka",0.3,01708-466474,8801708466474,https://wa.me/8801708466474?text=Assalamu%20Alaikum%20Sir/Ma%27am%2C%0A%0APanthapath/Dhanmondi-te%20apnader%20Patronus%20Education-er%20IELTS%20coaching%20activities%20regularly%20follow%20kori.%0A%0AAmar%20ekta%20quick%20proshno%20chhilo%3A%20Apnader%20ekhon%20je%20students-ra%20Computer-Delivered%20%28CD%29%20IELTS-er%20preparation%20nichhe%2C%20tader%20jonno%20ki%20apnader%20offline%2020%2B%20computer-er%20dedicated%20mock%20test%20lab%20ache%3F%0A%0ANa%20thakle%2C%20amra%20Dhanmondi/Panthapath-e%20ekta%20dedicated%2022-seat%20Computer-Delivered%20IELTS%20Lab%20set%20up%20korechi%20%28partitions%2C%20soundproof%20headsets%2C%20instant%20AI%20diagnostic%20scorecard%29.%0A%0AAmra%20local%20centers-der%20wholesale%20partner%20hishebe%20facility%20provide%20korchi%E2%80%94apnara%20apnader%20brand-e%20students-der%20CD%20mock%20test%20nite%20parben.%0A%0AApnake%20ki%20ekta%20sample%20printed%20A4%20diagnostic%20report%20pathabo%20jeta%20exam%20seshe%20student-der%20deya%20hoy%3F,https://facebook.com/patronuseducation,Tier 1 (Immediate Hook),Directly at Panthapath signal building. Offers regular IELTS batches without large PC lab.
ielts-003,BESI Language Academy,Panthapath & Kalabagan,"Level 8, House 66 (Rajanigandha Complex), Green Road, Panthapath",0.3,01321-210800,8801321210800,https://wa.me/8801321210800?text=Assalamu%20Alaikum%20Sir/Ma%27am%2C%0A%0APanthapath/Dhanmondi-te%20apnader%20BESI%20Language%20Academy-er%20IELTS%20coaching%20activities%20regularly%20follow%20kori.%0A%0AAmar%20ekta%20quick%20proshno%20chhilo%3A%20Apnader%20ekhon%20je%20students-ra%20Computer-Delivered%20%28CD%29%20IELTS-er%20preparation%20nichhe%2C%20tader%20jonno%20ki%20apnader%20offline%2020%2B%20computer-er%20dedicated%20mock%20test%20lab%20ache%3F%0A%0ANa%20thakle%2C%20amra%20Dhanmondi/Panthapath-e%20ekta%20dedicated%2022-seat%20Computer-Delivered%20IELTS%20Lab%20set%20up%20korechi%20%28partitions%2C%20soundproof%20headsets%2C%20instant%20AI%20diagnostic%20scorecard%29.%0A%0AAmra%20local%20centers-der%20wholesale%20partner%20hishebe%20facility%20provide%20korchi%E2%80%94apnara%20apnader%20brand-e%20students-der%20CD%20mock%20test%20nite%20parben.%0A%0AApnake%20ki%20ekta%20sample%20printed%20A4%20diagnostic%20report%20pathabo%20jeta%20exam%20seshe%20student-der%20deya%20hoy%3F,https://facebook.com/besistudyconsultancy,Tier 1 (Immediate Hook),Rajanigandha Complex right at Panthapath. High demand for CD-IELTS candidates.
ielts-004,SA Associates (Study Abroad & IELTS),Panthapath & Kalabagan,"Suite 503, SS Properties, 17/C West Panthapath (Near Square Hospital)",0.5,01750-037773,8801750037773,https://wa.me/8801750037773?text=Assalamu%20Alaikum%20Sir/Ma%27am%2C%0A%0APanthapath/Dhanmondi-te%20apnader%20SA%20Associates%20%28Study%20Abroad%20%26%20IELTS%29-er%20IELTS%20coaching%20activities%20regularly%20follow%20kori.%0A%0AAmar%20ekta%20quick%20proshno%20chhilo%3A%20Apnader%20ekhon%20je%20students-ra%20Computer-Delivered%20%28CD%29%20IELTS-er%20preparation%20nichhe%2C%20tader%20jonno%20ki%20apnader%20offline%2020%2B%20computer-er%20dedicated%20mock%20test%20lab%20ache%3F%0A%0ANa%20thakle%2C%20amra%20Dhanmondi/Panthapath-e%20ekta%20dedicated%2022-seat%20Computer-Delivered%20IELTS%20Lab%20set%20up%20korechi%20%28partitions%2C%20soundproof%20headsets%2C%20instant%20AI%20diagnostic%20scorecard%29.%0A%0AAmra%20local%20centers-der%20wholesale%20partner%20hishebe%20facility%20provide%20korchi%E2%80%94apnara%20apnader%20brand-e%20students-der%20CD%20mock%20test%20nite%20parben.%0A%0AApnake%20ki%20ekta%20sample%20printed%20A4%20diagnostic%20report%20pathabo%20jeta%20exam%20seshe%20student-der%20deya%20hoy%3F,https://facebook.com/saassociatesbd,Tier 1 (Immediate Hook),Large consultancy near Square Hospital. Sends students to external mock centers.
ielts-005,Mentors' Kalabagan Branch,Panthapath & Kalabagan,"166/1 Lake Circus, Kalabagan (Beside Dolphin Goli, Mirpur Road)",0.6,01713-243401,8801713243401,https://wa.me/8801713243401?text=Assalamu%20Alaikum%20Sir/Ma%27am%2C%0A%0APanthapath/Dhanmondi-te%20apnader%20Mentors%27%20Kalabagan%20Branch-er%20IELTS%20coaching%20activities%20regularly%20follow%20kori.%0A%0AAmar%20ekta%20quick%20proshno%20chhilo%3A%20Apnader%20ekhon%20je%20students-ra%20Computer-Delivered%20%28CD%29%20IELTS-er%20preparation%20nichhe%2C%20tader%20jonno%20ki%20apnader%20offline%2020%2B%20computer-er%20dedicated%20mock%20test%20lab%20ache%3F%0A%0ANa%20thakle%2C%20amra%20Dhanmondi/Panthapath-e%20ekta%20dedicated%2022-seat%20Computer-Delivered%20IELTS%20Lab%20set%20up%20korechi%20%28partitions%2C%20soundproof%20headsets%2C%20instant%20AI%20diagnostic%20scorecard%29.%0A%0AAmra%20local%20centers-der%20wholesale%20partner%20hishebe%20facility%20provide%20korchi%E2%80%94apnara%20apnader%20brand-e%20students-der%20CD%20mock%20test%20nite%20parben.%0A%0AApnake%20ki%20ekta%20sample%20printed%20A4%20diagnostic%20report%20pathabo%20jeta%20exam%20seshe%20student-der%20deya%20hoy%3F,https://facebook.com/Mentorsbd,Tier 2 (High Volume Partner),Packed classrooms. Prime candidate for weekend CD-IELTS overflow leasing.
ielts-006,IELTS Professor,Panthapath & Kalabagan,"Raisa Bhaban (5th Floor), 100/A-B Sukrabad, Opposite Metro Shopping Mall",0.6,01711-238495,8801711238495,https://wa.me/8801711238495?text=Assalamu%20Alaikum%20Sir/Ma%27am%2C%0A%0APanthapath/Dhanmondi-te%20apnader%20IELTS%20Professor-er%20IELTS%20coaching%20activities%20regularly%20follow%20kori.%0A%0AAmar%20ekta%20quick%20proshno%20chhilo%3A%20Apnader%20ekhon%20je%20students-ra%20Computer-Delivered%20%28CD%29%20IELTS-er%20preparation%20nichhe%2C%20tader%20jonno%20ki%20apnader%20offline%2020%2B%20computer-er%20dedicated%20mock%20test%20lab%20ache%3F%0A%0ANa%20thakle%2C%20amra%20Dhanmondi/Panthapath-e%20ekta%20dedicated%2022-seat%20Computer-Delivered%20IELTS%20Lab%20set%20up%20korechi%20%28partitions%2C%20soundproof%20headsets%2C%20instant%20AI%20diagnostic%20scorecard%29.%0A%0AAmra%20local%20centers-der%20wholesale%20partner%20hishebe%20facility%20provide%20korchi%E2%80%94apnara%20apnader%20brand-e%20students-der%20CD%20mock%20test%20nite%20parben.%0A%0AApnake%20ki%20ekta%20sample%20printed%20A4%20diagnostic%20report%20pathabo%20jeta%20exam%20seshe%20student-der%20deya%20hoy%3F,https://facebook.com/ieltsprofessor,Tier 1 (Immediate Hook),Sukrabad student hub. Currently relies heavily on paper mocks.
ielts-007,Meiji Education,Panthapath & Kalabagan,"Green Landmark (4th Floor), 129 Kalabagan, Mirpur Road, Dhaka",0.8,01713-339900,8801713339900,https://wa.me/8801713339900?text=Assalamu%20Alaikum%20Sir/Ma%27am%2C%0A%0APanthapath/Dhanmondi-te%20apnader%20Meiji%20Education-er%20IELTS%20coaching%20activities%20regularly%20follow%20kori.%0A%0AAmar%20ekta%20quick%20proshno%20chhilo%3A%20Apnader%20ekhon%20je%20students-ra%20Computer-Delivered%20%28CD%29%20IELTS-er%20preparation%20nichhe%2C%20tader%20jonno%20ki%20apnader%20offline%2020%2B%20computer-er%20dedicated%20mock%20test%20lab%20ache%3F%0A%0ANa%20thakle%2C%20amra%20Dhanmondi/Panthapath-e%20ekta%20dedicated%2022-seat%20Computer-Delivered%20IELTS%20Lab%20set%20up%20korechi%20%28partitions%2C%20soundproof%20headsets%2C%20instant%20AI%20diagnostic%20scorecard%29.%0A%0AAmra%20local%20centers-der%20wholesale%20partner%20hishebe%20facility%20provide%20korchi%E2%80%94apnara%20apnader%20brand-e%20students-der%20CD%20mock%20test%20nite%20parben.%0A%0AApnake%20ki%20ekta%20sample%20printed%20A4%20diagnostic%20report%20pathabo%20jeta%20exam%20seshe%20student-der%20deya%20hoy%3F,https://facebook.com/meijieducation,Tier 1 (Immediate Hook),Kalabagan hub. Ideal candidate for batch mock test leasing.
ielts-008,FM Method Head Office,Farmgate & Green Road,"FM Tower, 1/1/A East Rajabazar (Beside Farmgate Foot-Overbridge)",0.9,01730-050200,8801730050200,https://wa.me/8801730050200?text=Assalamu%20Alaikum%20Sir/Ma%27am%2C%0A%0APanthapath/Dhanmondi-te%20apnader%20FM%20Method%20Head%20Office-er%20IELTS%20coaching%20activities%20regularly%20follow%20kori.%0A%0AAmar%20ekta%20quick%20proshno%20chhilo%3A%20Apnader%20ekhon%20je%20students-ra%20Computer-Delivered%20%28CD%29%20IELTS-er%20preparation%20nichhe%2C%20tader%20jonno%20ki%20apnader%20offline%2020%2B%20computer-er%20dedicated%20mock%20test%20lab%20ache%3F%0A%0ANa%20thakle%2C%20amra%20Dhanmondi/Panthapath-e%20ekta%20dedicated%2022-seat%20Computer-Delivered%20IELTS%20Lab%20set%20up%20korechi%20%28partitions%2C%20soundproof%20headsets%2C%20instant%20AI%20diagnostic%20scorecard%29.%0A%0AAmra%20local%20centers-der%20wholesale%20partner%20hishebe%20facility%20provide%20korchi%E2%80%94apnara%20apnader%20brand-e%20students-der%20CD%20mock%20test%20nite%20parben.%0A%0AApnake%20ki%20ekta%20sample%20printed%20A4%20diagnostic%20report%20pathabo%20jeta%20exam%20seshe%20student-der%20deya%20hoy%3F,https://facebook.com/fmmethodltd,Tier 1 (Immediate Hook),Massive spoken English brand. 100% classroom focused; no 22-seat PC testing facility.
ielts-009,SALT Lab - English & Opportunity,Farmgate & Green Road,"RH Home Centre, Suite 638–640, 6th Floor, 74/B/1 Green Road (Beside UAP)",1.3,01847-308218,8801847308218,https://wa.me/8801847308218?text=Assalamu%20Alaikum%20Sir/Ma%27am%2C%0A%0APanthapath/Dhanmondi-te%20apnader%20SALT%20Lab%20-%20English%20%26%20Opportunity-er%20IELTS%20coaching%20activities%20regularly%20follow%20kori.%0A%0AAmar%20ekta%20quick%20proshno%20chhilo%3A%20Apnader%20ekhon%20je%20students-ra%20Computer-Delivered%20%28CD%29%20IELTS-er%20preparation%20nichhe%2C%20tader%20jonno%20ki%20apnader%20offline%2020%2B%20computer-er%20dedicated%20mock%20test%20lab%20ache%3F%0A%0ANa%20thakle%2C%20amra%20Dhanmondi/Panthapath-e%20ekta%20dedicated%2022-seat%20Computer-Delivered%20IELTS%20Lab%20set%20up%20korechi%20%28partitions%2C%20soundproof%20headsets%2C%20instant%20AI%20diagnostic%20scorecard%29.%0A%0AAmra%20local%20centers-der%20wholesale%20partner%20hishebe%20facility%20provide%20korchi%E2%80%94apnara%20apnader%20brand-e%20students-der%20CD%20mock%20test%20nite%20parben.%0A%0AApnake%20ki%20ekta%20sample%20printed%20A4%20diagnostic%20report%20pathabo%20jeta%20exam%20seshe%20student-der%20deya%20hoy%3F,https://facebook.com/saltlab.bd,Tier 1 (Immediate Hook),High reputation IELTS academy beside UAP. Active weekly mock sessions.
ielts-010,Farmgate IELTS Practice Zone,Farmgate & Green Road,"RH Home Centre, Suite 326 (Near University of Asia Pacific), Farmgate",1.3,01894-694407,8801894694407,https://wa.me/8801894694407?text=Assalamu%20Alaikum%20Sir/Ma%27am%2C%0A%0APanthapath/Dhanmondi-te%20apnader%20Farmgate%20IELTS%20Practice%20Zone-er%20IELTS%20coaching%20activities%20regularly%20follow%20kori.%0A%0AAmar%20ekta%20quick%20proshno%20chhilo%3A%20Apnader%20ekhon%20je%20students-ra%20Computer-Delivered%20%28CD%29%20IELTS-er%20preparation%20nichhe%2C%20tader%20jonno%20ki%20apnader%20offline%2020%2B%20computer-er%20dedicated%20mock%20test%20lab%20ache%3F%0A%0ANa%20thakle%2C%20amra%20Dhanmondi/Panthapath-e%20ekta%20dedicated%2022-seat%20Computer-Delivered%20IELTS%20Lab%20set%20up%20korechi%20%28partitions%2C%20soundproof%20headsets%2C%20instant%20AI%20diagnostic%20scorecard%29.%0A%0AAmra%20local%20centers-der%20wholesale%20partner%20hishebe%20facility%20provide%20korchi%E2%80%94apnara%20apnader%20brand-e%20students-der%20CD%20mock%20test%20nite%20parben.%0A%0AApnake%20ki%20ekta%20sample%20printed%20A4%20diagnostic%20report%20pathabo%20jeta%20exam%20seshe%20student-der%20deya%20hoy%3F,https://facebook.com/farmgateieltspracticezone,Tier 1 (Immediate Hook),Dedicated practice club for test takers. Perfect for weekend batch bookings.
ielts-011,Patron IELTS,Farmgate & Green Road,"Al-Fateh Medical Building (2nd Floor), 11-Holycross Road, Farmgate",1.6,01330-369001,8801330369001,https://wa.me/8801330369001?text=Assalamu%20Alaikum%20Sir/Ma%27am%2C%0A%0APanthapath/Dhanmondi-te%20apnader%20Patron%20IELTS-er%20IELTS%20coaching%20activities%20regularly%20follow%20kori.%0A%0AAmar%20ekta%20quick%20proshno%20chhilo%3A%20Apnader%20ekhon%20je%20students-ra%20Computer-Delivered%20%28CD%29%20IELTS-er%20preparation%20nichhe%2C%20tader%20jonno%20ki%20apnader%20offline%2020%2B%20computer-er%20dedicated%20mock%20test%20lab%20ache%3F%0A%0ANa%20thakle%2C%20amra%20Dhanmondi/Panthapath-e%20ekta%20dedicated%2022-seat%20Computer-Delivered%20IELTS%20Lab%20set%20up%20korechi%20%28partitions%2C%20soundproof%20headsets%2C%20instant%20AI%20diagnostic%20scorecard%29.%0A%0AAmra%20local%20centers-der%20wholesale%20partner%20hishebe%20facility%20provide%20korchi%E2%80%94apnara%20apnader%20brand-e%20students-der%20CD%20mock%20test%20nite%20parben.%0A%0AApnake%20ki%20ekta%20sample%20printed%20A4%20diagnostic%20report%20pathabo%20jeta%20exam%20seshe%20student-der%20deya%20hoy%3F,https://facebook.com/patronielts,Tier 1 (Immediate Hook),Holycross coaching corridor. Dense student concentration.
ielts-012,AIMS IELTS Centre,Farmgate & Green Road,"Center Point Concord (Ground Floor), Farmgate, Dhaka",1.5,01896-281369,8801896281369,https://wa.me/8801896281369?text=Assalamu%20Alaikum%20Sir/Ma%27am%2C%0A%0APanthapath/Dhanmondi-te%20apnader%20AIMS%20IELTS%20Centre-er%20IELTS%20coaching%20activities%20regularly%20follow%20kori.%0A%0AAmar%20ekta%20quick%20proshno%20chhilo%3A%20Apnader%20ekhon%20je%20students-ra%20Computer-Delivered%20%28CD%29%20IELTS-er%20preparation%20nichhe%2C%20tader%20jonno%20ki%20apnader%20offline%2020%2B%20computer-er%20dedicated%20mock%20test%20lab%20ache%3F%0A%0ANa%20thakle%2C%20amra%20Dhanmondi/Panthapath-e%20ekta%20dedicated%2022-seat%20Computer-Delivered%20IELTS%20Lab%20set%20up%20korechi%20%28partitions%2C%20soundproof%20headsets%2C%20instant%20AI%20diagnostic%20scorecard%29.%0A%0AAmra%20local%20centers-der%20wholesale%20partner%20hishebe%20facility%20provide%20korchi%E2%80%94apnara%20apnader%20brand-e%20students-der%20CD%20mock%20test%20nite%20parben.%0A%0AApnake%20ki%20ekta%20sample%20printed%20A4%20diagnostic%20report%20pathabo%20jeta%20exam%20seshe%20student-der%20deya%20hoy%3F,https://facebook.com/aimsieltscentre,Tier 1 (Immediate Hook),Center Point Concord. High inquiries from students planning overseas degrees.
ielts-013,Zakaria's Creative IELTS Course,Farmgate & Green Road,"House 25/C, Indira Road, Farmgate, Dhaka",1.7,01798-107040,8801798107040,https://wa.me/8801798107040?text=Assalamu%20Alaikum%20Sir/Ma%27am%2C%0A%0APanthapath/Dhanmondi-te%20apnader%20Zakaria%27s%20Creative%20IELTS%20Course-er%20IELTS%20coaching%20activities%20regularly%20follow%20kori.%0A%0AAmar%20ekta%20quick%20proshno%20chhilo%3A%20Apnader%20ekhon%20je%20students-ra%20Computer-Delivered%20%28CD%29%20IELTS-er%20preparation%20nichhe%2C%20tader%20jonno%20ki%20apnader%20offline%2020%2B%20computer-er%20dedicated%20mock%20test%20lab%20ache%3F%0A%0ANa%20thakle%2C%20amra%20Dhanmondi/Panthapath-e%20ekta%20dedicated%2022-seat%20Computer-Delivered%20IELTS%20Lab%20set%20up%20korechi%20%28partitions%2C%20soundproof%20headsets%2C%20instant%20AI%20diagnostic%20scorecard%29.%0A%0AAmra%20local%20centers-der%20wholesale%20partner%20hishebe%20facility%20provide%20korchi%E2%80%94apnara%20apnader%20brand-e%20students-der%20CD%20mock%20test%20nite%20parben.%0A%0AApnake%20ki%20ekta%20sample%20printed%20A4%20diagnostic%20report%20pathabo%20jeta%20exam%20seshe%20student-der%20deya%20hoy%3F,https://facebook.com/zakariascreativeielts,Tier 1 (Immediate Hook),Popular boutique tutor on Indira Road. High candidate conversion on WhatsApp.
ielts-014,DreamFly Lingual Academy,Farmgate & Green Road,"Mahbub Plaza Shopping Mall (Level 7), Farmgate, Dhaka",1.7,01347-510461,8801347510461,https://wa.me/8801347510461?text=Assalamu%20Alaikum%20Sir/Ma%27am%2C%0A%0APanthapath/Dhanmondi-te%20apnader%20DreamFly%20Lingual%20Academy-er%20IELTS%20coaching%20activities%20regularly%20follow%20kori.%0A%0AAmar%20ekta%20quick%20proshno%20chhilo%3A%20Apnader%20ekhon%20je%20students-ra%20Computer-Delivered%20%28CD%29%20IELTS-er%20preparation%20nichhe%2C%20tader%20jonno%20ki%20apnader%20offline%2020%2B%20computer-er%20dedicated%20mock%20test%20lab%20ache%3F%0A%0ANa%20thakle%2C%20amra%20Dhanmondi/Panthapath-e%20ekta%20dedicated%2022-seat%20Computer-Delivered%20IELTS%20Lab%20set%20up%20korechi%20%28partitions%2C%20soundproof%20headsets%2C%20instant%20AI%20diagnostic%20scorecard%29.%0A%0AAmra%20local%20centers-der%20wholesale%20partner%20hishebe%20facility%20provide%20korchi%E2%80%94apnara%20apnader%20brand-e%20students-der%20CD%20mock%20test%20nite%20parben.%0A%0AApnake%20ki%20ekta%20sample%20printed%20A4%20diagnostic%20report%20pathabo%20jeta%20exam%20seshe%20student-der%20deya%20hoy%3F,https://facebook.com/dreamflylingualacademy,Tier 1 (Immediate Hook),Mahbub Plaza Level 7. Focuses heavily on IELTS & PTE test prep.
ielts-015,Academy Parrot,Farmgate & Green Road,"Mahbub Plaza (Floor 6), Indira Road, Farmgate, Dhaka",1.7,01911-249251,8801911249251,https://wa.me/8801911249251?text=Assalamu%20Alaikum%20Sir/Ma%27am%2C%0A%0APanthapath/Dhanmondi-te%20apnader%20Academy%20Parrot-er%20IELTS%20coaching%20activities%20regularly%20follow%20kori.%0A%0AAmar%20ekta%20quick%20proshno%20chhilo%3A%20Apnader%20ekhon%20je%20students-ra%20Computer-Delivered%20%28CD%29%20IELTS-er%20preparation%20nichhe%2C%20tader%20jonno%20ki%20apnader%20offline%2020%2B%20computer-er%20dedicated%20mock%20test%20lab%20ache%3F%0A%0ANa%20thakle%2C%20amra%20Dhanmondi/Panthapath-e%20ekta%20dedicated%2022-seat%20Computer-Delivered%20IELTS%20Lab%20set%20up%20korechi%20%28partitions%2C%20soundproof%20headsets%2C%20instant%20AI%20diagnostic%20scorecard%29.%0A%0AAmra%20local%20centers-der%20wholesale%20partner%20hishebe%20facility%20provide%20korchi%E2%80%94apnara%20apnader%20brand-e%20students-der%20CD%20mock%20test%20nite%20parben.%0A%0AApnake%20ki%20ekta%20sample%20printed%20A4%20diagnostic%20report%20pathabo%20jeta%20exam%20seshe%20student-der%20deya%20hoy%3F,https://facebook.com/AcademyParrot,Tier 1 (Immediate Hook),Mahbub Plaza 6th floor. High batch turnover.
ielts-016,Saifur's Farmgate Branch,Farmgate & Green Road,"Sentara Grand Building (3rd Floor), Plot 144 & 144/1, Green Road, Farmgate",1.4,01613-432006,8801613432006,https://wa.me/8801613432006?text=Assalamu%20Alaikum%20Sir/Ma%27am%2C%0A%0APanthapath/Dhanmondi-te%20apnader%20Saifur%27s%20Farmgate%20Branch-er%20IELTS%20coaching%20activities%20regularly%20follow%20kori.%0A%0AAmar%20ekta%20quick%20proshno%20chhilo%3A%20Apnader%20ekhon%20je%20students-ra%20Computer-Delivered%20%28CD%29%20IELTS-er%20preparation%20nichhe%2C%20tader%20jonno%20ki%20apnader%20offline%2020%2B%20computer-er%20dedicated%20mock%20test%20lab%20ache%3F%0A%0ANa%20thakle%2C%20amra%20Dhanmondi/Panthapath-e%20ekta%20dedicated%2022-seat%20Computer-Delivered%20IELTS%20Lab%20set%20up%20korechi%20%28partitions%2C%20soundproof%20headsets%2C%20instant%20AI%20diagnostic%20scorecard%29.%0A%0AAmra%20local%20centers-der%20wholesale%20partner%20hishebe%20facility%20provide%20korchi%E2%80%94apnara%20apnader%20brand-e%20students-der%20CD%20mock%20test%20nite%20parben.%0A%0AApnake%20ki%20ekta%20sample%20printed%20A4%20diagnostic%20report%20pathabo%20jeta%20exam%20seshe%20student-der%20deya%20hoy%3F,https://facebook.com/saifursbd,Tier 2 (Volume Potential),"Large student volume, almost exclusively paper-based. Batch overflow opportunity."
ielts-017,PIE Education Farmgate,Farmgate & Green Road,"Green Road / Farmgate crossing, Dhaka",1.2,01711-889922,8801711889922,https://wa.me/8801711889922?text=Assalamu%20Alaikum%20Sir/Ma%27am%2C%0A%0APanthapath/Dhanmondi-te%20apnader%20PIE%20Education%20Farmgate-er%20IELTS%20coaching%20activities%20regularly%20follow%20kori.%0A%0AAmar%20ekta%20quick%20proshno%20chhilo%3A%20Apnader%20ekhon%20je%20students-ra%20Computer-Delivered%20%28CD%29%20IELTS-er%20preparation%20nichhe%2C%20tader%20jonno%20ki%20apnader%20offline%2020%2B%20computer-er%20dedicated%20mock%20test%20lab%20ache%3F%0A%0ANa%20thakle%2C%20amra%20Dhanmondi/Panthapath-e%20ekta%20dedicated%2022-seat%20Computer-Delivered%20IELTS%20Lab%20set%20up%20korechi%20%28partitions%2C%20soundproof%20headsets%2C%20instant%20AI%20diagnostic%20scorecard%29.%0A%0AAmra%20local%20centers-der%20wholesale%20partner%20hishebe%20facility%20provide%20korchi%E2%80%94apnara%20apnader%20brand-e%20students-der%20CD%20mock%20test%20nite%20parben.%0A%0AApnake%20ki%20ekta%20sample%20printed%20A4%20diagnostic%20report%20pathabo%20jeta%20exam%20seshe%20student-der%20deya%20hoy%3F,https://facebook.com/pieeducation,Tier 2 (Volume Potential),High traffic Farmgate/Green Road junction.
ielts-018,Connected Education,Dhanmondi & Lalmatia,"Shaptak Square (14th Floor), Dhanmondi 27, Dhaka 1209",1.5,01612-322108,8801612322108,https://wa.me/8801612322108?text=Assalamu%20Alaikum%20Sir/Ma%27am%2C%0A%0APanthapath/Dhanmondi-te%20apnader%20Connected%20Education-er%20IELTS%20coaching%20activities%20regularly%20follow%20kori.%0A%0AAmar%20ekta%20quick%20proshno%20chhilo%3A%20Apnader%20ekhon%20je%20students-ra%20Computer-Delivered%20%28CD%29%20IELTS-er%20preparation%20nichhe%2C%20tader%20jonno%20ki%20apnader%20offline%2020%2B%20computer-er%20dedicated%20mock%20test%20lab%20ache%3F%0A%0ANa%20thakle%2C%20amra%20Dhanmondi/Panthapath-e%20ekta%20dedicated%2022-seat%20Computer-Delivered%20IELTS%20Lab%20set%20up%20korechi%20%28partitions%2C%20soundproof%20headsets%2C%20instant%20AI%20diagnostic%20scorecard%29.%0A%0AAmra%20local%20centers-der%20wholesale%20partner%20hishebe%20facility%20provide%20korchi%E2%80%94apnara%20apnader%20brand-e%20students-der%20CD%20mock%20test%20nite%20parben.%0A%0AApnake%20ki%20ekta%20sample%20printed%20A4%20diagnostic%20report%20pathabo%20jeta%20exam%20seshe%20student-der%20deya%20hoy%3F,https://facebook.com/ConnectedEducationBD,Tier 1 (Immediate Hook),Landmark Shaptak Square. Strong focus on UK & Australian higher education.
ielts-019,Enhance English Bangladesh,Dhanmondi & Lalmatia,"Road 27, Dhanmondi, Dhaka",1.4,01958-665618,8801958665618,https://wa.me/8801958665618?text=Assalamu%20Alaikum%20Sir/Ma%27am%2C%0A%0APanthapath/Dhanmondi-te%20apnader%20Enhance%20English%20Bangladesh-er%20IELTS%20coaching%20activities%20regularly%20follow%20kori.%0A%0AAmar%20ekta%20quick%20proshno%20chhilo%3A%20Apnader%20ekhon%20je%20students-ra%20Computer-Delivered%20%28CD%29%20IELTS-er%20preparation%20nichhe%2C%20tader%20jonno%20ki%20apnader%20offline%2020%2B%20computer-er%20dedicated%20mock%20test%20lab%20ache%3F%0A%0ANa%20thakle%2C%20amra%20Dhanmondi/Panthapath-e%20ekta%20dedicated%2022-seat%20Computer-Delivered%20IELTS%20Lab%20set%20up%20korechi%20%28partitions%2C%20soundproof%20headsets%2C%20instant%20AI%20diagnostic%20scorecard%29.%0A%0AAmra%20local%20centers-der%20wholesale%20partner%20hishebe%20facility%20provide%20korchi%E2%80%94apnara%20apnader%20brand-e%20students-der%20CD%20mock%20test%20nite%20parben.%0A%0AApnake%20ki%20ekta%20sample%20printed%20A4%20diagnostic%20report%20pathabo%20jeta%20exam%20seshe%20student-der%20deya%20hoy%3F,https://facebook.com/enhanceenglishbd,Tier 1 (Immediate Hook),Active Dhanmondi 27 center with regular crash courses and mock sessions.
ielts-020,Language Academy Bangladesh,Dhanmondi & Lalmatia,"SEL SUFI SQUARE, Level 11, Plot 58, Road 27, Dhanmondi R/A",1.4,01820-006677,8801820006677,https://wa.me/8801820006677?text=Assalamu%20Alaikum%20Sir/Ma%27am%2C%0A%0APanthapath/Dhanmondi-te%20apnader%20Language%20Academy%20Bangladesh-er%20IELTS%20coaching%20activities%20regularly%20follow%20kori.%0A%0AAmar%20ekta%20quick%20proshno%20chhilo%3A%20Apnader%20ekhon%20je%20students-ra%20Computer-Delivered%20%28CD%29%20IELTS-er%20preparation%20nichhe%2C%20tader%20jonno%20ki%20apnader%20offline%2020%2B%20computer-er%20dedicated%20mock%20test%20lab%20ache%3F%0A%0ANa%20thakle%2C%20amra%20Dhanmondi/Panthapath-e%20ekta%20dedicated%2022-seat%20Computer-Delivered%20IELTS%20Lab%20set%20up%20korechi%20%28partitions%2C%20soundproof%20headsets%2C%20instant%20AI%20diagnostic%20scorecard%29.%0A%0AAmra%20local%20centers-der%20wholesale%20partner%20hishebe%20facility%20provide%20korchi%E2%80%94apnara%20apnader%20brand-e%20students-der%20CD%20mock%20test%20nite%20parben.%0A%0AApnake%20ki%20ekta%20sample%20printed%20A4%20diagnostic%20report%20pathabo%20jeta%20exam%20seshe%20student-der%20deya%20hoy%3F,https://facebook.com/languageacademybd,Tier 2 (High Value Partner),High fee charging academy on Road 27. Value-conscious about modern AI diagnostic reports.
ielts-021,Edbase English,Dhanmondi & Lalmatia,"House 91/1, Road 11/A, Dhanmondi, Dhaka",1.9,01851-137610,8801851137610,https://wa.me/8801851137610?text=Assalamu%20Alaikum%20Sir/Ma%27am%2C%0A%0APanthapath/Dhanmondi-te%20apnader%20Edbase%20English-er%20IELTS%20coaching%20activities%20regularly%20follow%20kori.%0A%0AAmar%20ekta%20quick%20proshno%20chhilo%3A%20Apnader%20ekhon%20je%20students-ra%20Computer-Delivered%20%28CD%29%20IELTS-er%20preparation%20nichhe%2C%20tader%20jonno%20ki%20apnader%20offline%2020%2B%20computer-er%20dedicated%20mock%20test%20lab%20ache%3F%0A%0ANa%20thakle%2C%20amra%20Dhanmondi/Panthapath-e%20ekta%20dedicated%2022-seat%20Computer-Delivered%20IELTS%20Lab%20set%20up%20korechi%20%28partitions%2C%20soundproof%20headsets%2C%20instant%20AI%20diagnostic%20scorecard%29.%0A%0AAmra%20local%20centers-der%20wholesale%20partner%20hishebe%20facility%20provide%20korchi%E2%80%94apnara%20apnader%20brand-e%20students-der%20CD%20mock%20test%20nite%20parben.%0A%0AApnake%20ki%20ekta%20sample%20printed%20A4%20diagnostic%20report%20pathabo%20jeta%20exam%20seshe%20student-der%20deya%20hoy%3F,https://facebook.com/edbaseenglish,Tier 2 (High Value Partner),Road 11/A Dhanmondi. High English medium student density.
ielts-022,Eduko Pathways,Dhanmondi & Lalmatia,"MIDAS Center (Level 8), House 5, Road 27, Dhanmondi",1.3,01799-993377,8801799993377,https://wa.me/8801799993377?text=Assalamu%20Alaikum%20Sir/Ma%27am%2C%0A%0APanthapath/Dhanmondi-te%20apnader%20Eduko%20Pathways-er%20IELTS%20coaching%20activities%20regularly%20follow%20kori.%0A%0AAmar%20ekta%20quick%20proshno%20chhilo%3A%20Apnader%20ekhon%20je%20students-ra%20Computer-Delivered%20%28CD%29%20IELTS-er%20preparation%20nichhe%2C%20tader%20jonno%20ki%20apnader%20offline%2020%2B%20computer-er%20dedicated%20mock%20test%20lab%20ache%3F%0A%0ANa%20thakle%2C%20amra%20Dhanmondi/Panthapath-e%20ekta%20dedicated%2022-seat%20Computer-Delivered%20IELTS%20Lab%20set%20up%20korechi%20%28partitions%2C%20soundproof%20headsets%2C%20instant%20AI%20diagnostic%20scorecard%29.%0A%0AAmra%20local%20centers-der%20wholesale%20partner%20hishebe%20facility%20provide%20korchi%E2%80%94apnara%20apnader%20brand-e%20students-der%20CD%20mock%20test%20nite%20parben.%0A%0AApnake%20ki%20ekta%20sample%20printed%20A4%20diagnostic%20report%20pathabo%20jeta%20exam%20seshe%20student-der%20deya%20hoy%3F,https://facebook.com/edukopathways,Tier 2 (High Value Partner),Road 27 MIDAS center. Premium study abroad clients.
ielts-023,MIE English Academy / MIE Pathways,Dhanmondi & Lalmatia,"Concord Mumtaz Karim Heritage, Level 3, 76 Satmasjid Road, Dhanmondi",1.8,01329-668449,8801329668449,https://wa.me/8801329668449?text=Assalamu%20Alaikum%20Sir/Ma%27am%2C%0A%0APanthapath/Dhanmondi-te%20apnader%20MIE%20English%20Academy%20/%20MIE%20Pathways-er%20IELTS%20coaching%20activities%20regularly%20follow%20kori.%0A%0AAmar%20ekta%20quick%20proshno%20chhilo%3A%20Apnader%20ekhon%20je%20students-ra%20Computer-Delivered%20%28CD%29%20IELTS-er%20preparation%20nichhe%2C%20tader%20jonno%20ki%20apnader%20offline%2020%2B%20computer-er%20dedicated%20mock%20test%20lab%20ache%3F%0A%0ANa%20thakle%2C%20amra%20Dhanmondi/Panthapath-e%20ekta%20dedicated%2022-seat%20Computer-Delivered%20IELTS%20Lab%20set%20up%20korechi%20%28partitions%2C%20soundproof%20headsets%2C%20instant%20AI%20diagnostic%20scorecard%29.%0A%0AAmra%20local%20centers-der%20wholesale%20partner%20hishebe%20facility%20provide%20korchi%E2%80%94apnara%20apnader%20brand-e%20students-der%20CD%20mock%20test%20nite%20parben.%0A%0AApnake%20ki%20ekta%20sample%20printed%20A4%20diagnostic%20report%20pathabo%20jeta%20exam%20seshe%20student-der%20deya%20hoy%3F,https://facebook.com/mieenglishacademy,Tier 1 (Immediate Hook),Concord building on Satmasjid Road. Seeking authentic CD mock test lab.
ielts-024,FutureEd English Language Centre,Dhanmondi & Lalmatia,"Navana GH Heights Tower (3rd Floor), House 67, Satmasjid Road, Shankar",2.2,01329-737064,8801329737064,https://wa.me/8801329737064?text=Assalamu%20Alaikum%20Sir/Ma%27am%2C%0A%0APanthapath/Dhanmondi-te%20apnader%20FutureEd%20English%20Language%20Centre-er%20IELTS%20coaching%20activities%20regularly%20follow%20kori.%0A%0AAmar%20ekta%20quick%20proshno%20chhilo%3A%20Apnader%20ekhon%20je%20students-ra%20Computer-Delivered%20%28CD%29%20IELTS-er%20preparation%20nichhe%2C%20tader%20jonno%20ki%20apnader%20offline%2020%2B%20computer-er%20dedicated%20mock%20test%20lab%20ache%3F%0A%0ANa%20thakle%2C%20amra%20Dhanmondi/Panthapath-e%20ekta%20dedicated%2022-seat%20Computer-Delivered%20IELTS%20Lab%20set%20up%20korechi%20%28partitions%2C%20soundproof%20headsets%2C%20instant%20AI%20diagnostic%20scorecard%29.%0A%0AAmra%20local%20centers-der%20wholesale%20partner%20hishebe%20facility%20provide%20korchi%E2%80%94apnara%20apnader%20brand-e%20students-der%20CD%20mock%20test%20nite%20parben.%0A%0AApnake%20ki%20ekta%20sample%20printed%20A4%20diagnostic%20report%20pathabo%20jeta%20exam%20seshe%20student-der%20deya%20hoy%3F,https://facebook.com/futureedltd,Tier 2 (High Volume Partner),Major Satmasjid Road brand with large student enrollment.
ielts-025,EN Global Education Ltd,Dhanmondi & Lalmatia,"12th Floor (Lift-13), 759 Delvistaa Fuljhuri, Satmasjid Road, Dhanmondi",2.1,01730-599332,8801730599332,https://wa.me/8801730599332?text=Assalamu%20Alaikum%20Sir/Ma%27am%2C%0A%0APanthapath/Dhanmondi-te%20apnader%20EN%20Global%20Education%20Ltd-er%20IELTS%20coaching%20activities%20regularly%20follow%20kori.%0A%0AAmar%20ekta%20quick%20proshno%20chhilo%3A%20Apnader%20ekhon%20je%20students-ra%20Computer-Delivered%20%28CD%29%20IELTS-er%20preparation%20nichhe%2C%20tader%20jonno%20ki%20apnader%20offline%2020%2B%20computer-er%20dedicated%20mock%20test%20lab%20ache%3F%0A%0ANa%20thakle%2C%20amra%20Dhanmondi/Panthapath-e%20ekta%20dedicated%2022-seat%20Computer-Delivered%20IELTS%20Lab%20set%20up%20korechi%20%28partitions%2C%20soundproof%20headsets%2C%20instant%20AI%20diagnostic%20scorecard%29.%0A%0AAmra%20local%20centers-der%20wholesale%20partner%20hishebe%20facility%20provide%20korchi%E2%80%94apnara%20apnader%20brand-e%20students-der%20CD%20mock%20test%20nite%20parben.%0A%0AApnake%20ki%20ekta%20sample%20printed%20A4%20diagnostic%20report%20pathabo%20jeta%20exam%20seshe%20student-der%20deya%20hoy%3F,https://facebook.com/englobaleducation,Tier 2 (High Value Partner),Delvistaa Fuljhuri tower. High volume of UK/Canada bound test takers.
ielts-026,Shabuj Global Education,Dhanmondi & Lalmatia,"759 Delvista Fuljhuri (Lift-5), Satmasjid Road, Dhanmondi",2.1,01321-182527,8801321182527,https://wa.me/8801321182527?text=Assalamu%20Alaikum%20Sir/Ma%27am%2C%0A%0APanthapath/Dhanmondi-te%20apnader%20Shabuj%20Global%20Education-er%20IELTS%20coaching%20activities%20regularly%20follow%20kori.%0A%0AAmar%20ekta%20quick%20proshno%20chhilo%3A%20Apnader%20ekhon%20je%20students-ra%20Computer-Delivered%20%28CD%29%20IELTS-er%20preparation%20nichhe%2C%20tader%20jonno%20ki%20apnader%20offline%2020%2B%20computer-er%20dedicated%20mock%20test%20lab%20ache%3F%0A%0ANa%20thakle%2C%20amra%20Dhanmondi/Panthapath-e%20ekta%20dedicated%2022-seat%20Computer-Delivered%20IELTS%20Lab%20set%20up%20korechi%20%28partitions%2C%20soundproof%20headsets%2C%20instant%20AI%20diagnostic%20scorecard%29.%0A%0AAmra%20local%20centers-der%20wholesale%20partner%20hishebe%20facility%20provide%20korchi%E2%80%94apnara%20apnader%20brand-e%20students-der%20CD%20mock%20test%20nite%20parben.%0A%0AApnake%20ki%20ekta%20sample%20printed%20A4%20diagnostic%20report%20pathabo%20jeta%20exam%20seshe%20student-der%20deya%20hoy%3F,https://facebook.com/ShabujGlobalEducationBangladesh,Tier 2 (High Value Partner),Major student recruitment partner on Satmasjid Road.
ielts-027,PFEC Global Dhanmondi,Dhanmondi & Lalmatia,"SIMA Blossom (5th Floor), Plot 390 (Old), Road 27, Dhanmondi",1.5,01713-243401,8801713243401,https://wa.me/8801713243401?text=Assalamu%20Alaikum%20Sir/Ma%27am%2C%0A%0APanthapath/Dhanmondi-te%20apnader%20PFEC%20Global%20Dhanmondi-er%20IELTS%20coaching%20activities%20regularly%20follow%20kori.%0A%0AAmar%20ekta%20quick%20proshno%20chhilo%3A%20Apnader%20ekhon%20je%20students-ra%20Computer-Delivered%20%28CD%29%20IELTS-er%20preparation%20nichhe%2C%20tader%20jonno%20ki%20apnader%20offline%2020%2B%20computer-er%20dedicated%20mock%20test%20lab%20ache%3F%0A%0ANa%20thakle%2C%20amra%20Dhanmondi/Panthapath-e%20ekta%20dedicated%2022-seat%20Computer-Delivered%20IELTS%20Lab%20set%20up%20korechi%20%28partitions%2C%20soundproof%20headsets%2C%20instant%20AI%20diagnostic%20scorecard%29.%0A%0AAmra%20local%20centers-der%20wholesale%20partner%20hishebe%20facility%20provide%20korchi%E2%80%94apnara%20apnader%20brand-e%20students-der%20CD%20mock%20test%20nite%20parben.%0A%0AApnake%20ki%20ekta%20sample%20printed%20A4%20diagnostic%20report%20pathabo%20jeta%20exam%20seshe%20student-der%20deya%20hoy%3F,https://facebook.com/pfecglobal,Tier 2 (High Value Partner),SIMA Blossom on Road 27. High-ticket study abroad aspirants.
ielts-028,Wings Learning Centre,Dhanmondi & Lalmatia,"House 55, Road 4/A, Dhanmondi R/A, Dhaka-1209",1.6,01877-740088,8801877740088,https://wa.me/8801877740088?text=Assalamu%20Alaikum%20Sir/Ma%27am%2C%0A%0APanthapath/Dhanmondi-te%20apnader%20Wings%20Learning%20Centre-er%20IELTS%20coaching%20activities%20regularly%20follow%20kori.%0A%0AAmar%20ekta%20quick%20proshno%20chhilo%3A%20Apnader%20ekhon%20je%20students-ra%20Computer-Delivered%20%28CD%29%20IELTS-er%20preparation%20nichhe%2C%20tader%20jonno%20ki%20apnader%20offline%2020%2B%20computer-er%20dedicated%20mock%20test%20lab%20ache%3F%0A%0ANa%20thakle%2C%20amra%20Dhanmondi/Panthapath-e%20ekta%20dedicated%2022-seat%20Computer-Delivered%20IELTS%20Lab%20set%20up%20korechi%20%28partitions%2C%20soundproof%20headsets%2C%20instant%20AI%20diagnostic%20scorecard%29.%0A%0AAmra%20local%20centers-der%20wholesale%20partner%20hishebe%20facility%20provide%20korchi%E2%80%94apnara%20apnader%20brand-e%20students-der%20CD%20mock%20test%20nite%20parben.%0A%0AApnake%20ki%20ekta%20sample%20printed%20A4%20diagnostic%20report%20pathabo%20jeta%20exam%20seshe%20student-der%20deya%20hoy%3F,https://facebook.com/wingslearningcentre,Tier 2 (High Volume Partner),Road 4/A Dhanmondi. High continuous demand for mock practice.
ielts-029,Saifur's Lalmatia Branch,Dhanmondi & Lalmatia,"Sunrise Plaza (Opposite Dhanmondi Boys School), Lalmatia / Dhanmondi 27",1.5,01613-432073,8801613432073,https://wa.me/8801613432073?text=Assalamu%20Alaikum%20Sir/Ma%27am%2C%0A%0APanthapath/Dhanmondi-te%20apnader%20Saifur%27s%20Lalmatia%20Branch-er%20IELTS%20coaching%20activities%20regularly%20follow%20kori.%0A%0AAmar%20ekta%20quick%20proshno%20chhilo%3A%20Apnader%20ekhon%20je%20students-ra%20Computer-Delivered%20%28CD%29%20IELTS-er%20preparation%20nichhe%2C%20tader%20jonno%20ki%20apnader%20offline%2020%2B%20computer-er%20dedicated%20mock%20test%20lab%20ache%3F%0A%0ANa%20thakle%2C%20amra%20Dhanmondi/Panthapath-e%20ekta%20dedicated%2022-seat%20Computer-Delivered%20IELTS%20Lab%20set%20up%20korechi%20%28partitions%2C%20soundproof%20headsets%2C%20instant%20AI%20diagnostic%20scorecard%29.%0A%0AAmra%20local%20centers-der%20wholesale%20partner%20hishebe%20facility%20provide%20korchi%E2%80%94apnara%20apnader%20brand-e%20students-der%20CD%20mock%20test%20nite%20parben.%0A%0AApnake%20ki%20ekta%20sample%20printed%20A4%20diagnostic%20report%20pathabo%20jeta%20exam%20seshe%20student-der%20deya%20hoy%3F,https://facebook.com/saifursbd,Tier 2 (Volume Potential),Hub for Dhanmondi/Lalmatia school and college candidates.
ielts-030,English Therapy,Dhanmondi & Lalmatia,"5/1, Block: D, Lalmatia, Mohammadpur, Dhaka",1.8,01945-666777,8801945666777,https://wa.me/8801945666777?text=Assalamu%20Alaikum%20Sir/Ma%27am%2C%0A%0APanthapath/Dhanmondi-te%20apnader%20English%20Therapy-er%20IELTS%20coaching%20activities%20regularly%20follow%20kori.%0A%0AAmar%20ekta%20quick%20proshno%20chhilo%3A%20Apnader%20ekhon%20je%20students-ra%20Computer-Delivered%20%28CD%29%20IELTS-er%20preparation%20nichhe%2C%20tader%20jonno%20ki%20apnader%20offline%2020%2B%20computer-er%20dedicated%20mock%20test%20lab%20ache%3F%0A%0ANa%20thakle%2C%20amra%20Dhanmondi/Panthapath-e%20ekta%20dedicated%2022-seat%20Computer-Delivered%20IELTS%20Lab%20set%20up%20korechi%20%28partitions%2C%20soundproof%20headsets%2C%20instant%20AI%20diagnostic%20scorecard%29.%0A%0AAmra%20local%20centers-der%20wholesale%20partner%20hishebe%20facility%20provide%20korchi%E2%80%94apnara%20apnader%20brand-e%20students-der%20CD%20mock%20test%20nite%20parben.%0A%0AApnake%20ki%20ekta%20sample%20printed%20A4%20diagnostic%20report%20pathabo%20jeta%20exam%20seshe%20student-der%20deya%20hoy%3F,https://facebook.com/englishtherapy,Tier 1 (Immediate Hook),Massive online and offline student base. Zero computer testing lab. Prime leasing partner.
ielts-031,TESOL Bangladesh,Science Lab & Elephant Road,"Kobi Bhaban, House 43, Bashundhara Lane, Science Lab (Near Sukanya Tower)",1.6,01620-000994,8801620000994,https://wa.me/8801620000994?text=Assalamu%20Alaikum%20Sir/Ma%27am%2C%0A%0APanthapath/Dhanmondi-te%20apnader%20TESOL%20Bangladesh-er%20IELTS%20coaching%20activities%20regularly%20follow%20kori.%0A%0AAmar%20ekta%20quick%20proshno%20chhilo%3A%20Apnader%20ekhon%20je%20students-ra%20Computer-Delivered%20%28CD%29%20IELTS-er%20preparation%20nichhe%2C%20tader%20jonno%20ki%20apnader%20offline%2020%2B%20computer-er%20dedicated%20mock%20test%20lab%20ache%3F%0A%0ANa%20thakle%2C%20amra%20Dhanmondi/Panthapath-e%20ekta%20dedicated%2022-seat%20Computer-Delivered%20IELTS%20Lab%20set%20up%20korechi%20%28partitions%2C%20soundproof%20headsets%2C%20instant%20AI%20diagnostic%20scorecard%29.%0A%0AAmra%20local%20centers-der%20wholesale%20partner%20hishebe%20facility%20provide%20korchi%E2%80%94apnara%20apnader%20brand-e%20students-der%20CD%20mock%20test%20nite%20parben.%0A%0AApnake%20ki%20ekta%20sample%20printed%20A4%20diagnostic%20report%20pathabo%20jeta%20exam%20seshe%20student-der%20deya%20hoy%3F,https://facebook.com/TESOLBANGLADESH,Tier 1 (Immediate Hook),Massive student following across Bangladesh. Lacks 22-seat PC testing facility.
ielts-032,Axiom Education & Immigration,Science Lab & Elephant Road,"House 5, Road 1, Dhanmondi (Science Lab Police Box) & Anam Rangs Plaza",1.2,01714-100647,8801714100647,https://wa.me/8801714100647?text=Assalamu%20Alaikum%20Sir/Ma%27am%2C%0A%0APanthapath/Dhanmondi-te%20apnader%20Axiom%20Education%20%26%20Immigration-er%20IELTS%20coaching%20activities%20regularly%20follow%20kori.%0A%0AAmar%20ekta%20quick%20proshno%20chhilo%3A%20Apnader%20ekhon%20je%20students-ra%20Computer-Delivered%20%28CD%29%20IELTS-er%20preparation%20nichhe%2C%20tader%20jonno%20ki%20apnader%20offline%2020%2B%20computer-er%20dedicated%20mock%20test%20lab%20ache%3F%0A%0ANa%20thakle%2C%20amra%20Dhanmondi/Panthapath-e%20ekta%20dedicated%2022-seat%20Computer-Delivered%20IELTS%20Lab%20set%20up%20korechi%20%28partitions%2C%20soundproof%20headsets%2C%20instant%20AI%20diagnostic%20scorecard%29.%0A%0AAmra%20local%20centers-der%20wholesale%20partner%20hishebe%20facility%20provide%20korchi%E2%80%94apnara%20apnader%20brand-e%20students-der%20CD%20mock%20test%20nite%20parben.%0A%0AApnake%20ki%20ekta%20sample%20printed%20A4%20diagnostic%20report%20pathabo%20jeta%20exam%20seshe%20student-der%20deya%20hoy%3F,https://facebook.com/axiomeducationgroup,Tier 1 (Immediate Hook),Directly at Science Lab junction. Large student footfall needing mock assessments.
ielts-033,Student Council Study Abroad,Science Lab & Elephant Road,"Suite 521, Level 4, Sahera Tropical Centre, Bata Signal, New Elephant Road",1.8,01995-983003,8801995983003,https://wa.me/8801995983003?text=Assalamu%20Alaikum%20Sir/Ma%27am%2C%0A%0APanthapath/Dhanmondi-te%20apnader%20Student%20Council%20Study%20Abroad-er%20IELTS%20coaching%20activities%20regularly%20follow%20kori.%0A%0AAmar%20ekta%20quick%20proshno%20chhilo%3A%20Apnader%20ekhon%20je%20students-ra%20Computer-Delivered%20%28CD%29%20IELTS-er%20preparation%20nichhe%2C%20tader%20jonno%20ki%20apnader%20offline%2020%2B%20computer-er%20dedicated%20mock%20test%20lab%20ache%3F%0A%0ANa%20thakle%2C%20amra%20Dhanmondi/Panthapath-e%20ekta%20dedicated%2022-seat%20Computer-Delivered%20IELTS%20Lab%20set%20up%20korechi%20%28partitions%2C%20soundproof%20headsets%2C%20instant%20AI%20diagnostic%20scorecard%29.%0A%0AAmra%20local%20centers-der%20wholesale%20partner%20hishebe%20facility%20provide%20korchi%E2%80%94apnara%20apnader%20brand-e%20students-der%20CD%20mock%20test%20nite%20parben.%0A%0AApnake%20ki%20ekta%20sample%20printed%20A4%20diagnostic%20report%20pathabo%20jeta%20exam%20seshe%20student-der%20deya%20hoy%3F,https://facebook.com/studentcouncilstudyabroad,Tier 1 (Immediate Hook),Sahera Tropical Centre Bata signal hub. Candidates require real CD mock experience.
ielts-034,PranBin Education,Science Lab & Elephant Road,"Sahera Tropical Centre, Room 910 (Lift 8), Bata Signal, New Elephant Road",1.8,01329-668492,8801329668492,https://wa.me/8801329668492?text=Assalamu%20Alaikum%20Sir/Ma%27am%2C%0A%0APanthapath/Dhanmondi-te%20apnader%20PranBin%20Education-er%20IELTS%20coaching%20activities%20regularly%20follow%20kori.%0A%0AAmar%20ekta%20quick%20proshno%20chhilo%3A%20Apnader%20ekhon%20je%20students-ra%20Computer-Delivered%20%28CD%29%20IELTS-er%20preparation%20nichhe%2C%20tader%20jonno%20ki%20apnader%20offline%2020%2B%20computer-er%20dedicated%20mock%20test%20lab%20ache%3F%0A%0ANa%20thakle%2C%20amra%20Dhanmondi/Panthapath-e%20ekta%20dedicated%2022-seat%20Computer-Delivered%20IELTS%20Lab%20set%20up%20korechi%20%28partitions%2C%20soundproof%20headsets%2C%20instant%20AI%20diagnostic%20scorecard%29.%0A%0AAmra%20local%20centers-der%20wholesale%20partner%20hishebe%20facility%20provide%20korchi%E2%80%94apnara%20apnader%20brand-e%20students-der%20CD%20mock%20test%20nite%20parben.%0A%0AApnake%20ki%20ekta%20sample%20printed%20A4%20diagnostic%20report%20pathabo%20jeta%20exam%20seshe%20student-der%20deya%20hoy%3F,https://facebook.com/pranbineducation,Tier 2 (High Value Partner),Elephant Road student corridor. Sends regular cohorts for IELTS registration.
ielts-035,The Message Institute,Azimpur & New Market,"118, 2 No Dayera Sharif Gate, Azimpur, Dhaka-1205",2.8,01718-660604,8801718660604,https://wa.me/8801718660604?text=Assalamu%20Alaikum%20Sir/Ma%27am%2C%0A%0APanthapath/Dhanmondi-te%20apnader%20The%20Message%20Institute-er%20IELTS%20coaching%20activities%20regularly%20follow%20kori.%0A%0AAmar%20ekta%20quick%20proshno%20chhilo%3A%20Apnader%20ekhon%20je%20students-ra%20Computer-Delivered%20%28CD%29%20IELTS-er%20preparation%20nichhe%2C%20tader%20jonno%20ki%20apnader%20offline%2020%2B%20computer-er%20dedicated%20mock%20test%20lab%20ache%3F%0A%0ANa%20thakle%2C%20amra%20Dhanmondi/Panthapath-e%20ekta%20dedicated%2022-seat%20Computer-Delivered%20IELTS%20Lab%20set%20up%20korechi%20%28partitions%2C%20soundproof%20headsets%2C%20instant%20AI%20diagnostic%20scorecard%29.%0A%0AAmra%20local%20centers-der%20wholesale%20partner%20hishebe%20facility%20provide%20korchi%E2%80%94apnara%20apnader%20brand-e%20students-der%20CD%20mock%20test%20nite%20parben.%0A%0AApnake%20ki%20ekta%20sample%20printed%20A4%20diagnostic%20report%20pathabo%20jeta%20exam%20seshe%20student-der%20deya%20hoy%3F,https://facebook.com/themessageinstitute,Tier 1 (Immediate Hook),Oldest established center in Azimpur/Nilkhet. 0 computer facilities for CD-IELTS.
ielts-036,New Market Academic English Care,Azimpur & New Market,"Nilkhet Super Market Area (Near Babupura Road), Dhaka",2.4,01819-445566,8801819445566,https://wa.me/8801819445566?text=Assalamu%20Alaikum%20Sir/Ma%27am%2C%0A%0APanthapath/Dhanmondi-te%20apnader%20New%20Market%20Academic%20English%20Care-er%20IELTS%20coaching%20activities%20regularly%20follow%20kori.%0A%0AAmar%20ekta%20quick%20proshno%20chhilo%3A%20Apnader%20ekhon%20je%20students-ra%20Computer-Delivered%20%28CD%29%20IELTS-er%20preparation%20nichhe%2C%20tader%20jonno%20ki%20apnader%20offline%2020%2B%20computer-er%20dedicated%20mock%20test%20lab%20ache%3F%0A%0ANa%20thakle%2C%20amra%20Dhanmondi/Panthapath-e%20ekta%20dedicated%2022-seat%20Computer-Delivered%20IELTS%20Lab%20set%20up%20korechi%20%28partitions%2C%20soundproof%20headsets%2C%20instant%20AI%20diagnostic%20scorecard%29.%0A%0AAmra%20local%20centers-der%20wholesale%20partner%20hishebe%20facility%20provide%20korchi%E2%80%94apnara%20apnader%20brand-e%20students-der%20CD%20mock%20test%20nite%20parben.%0A%0AApnake%20ki%20ekta%20sample%20printed%20A4%20diagnostic%20report%20pathabo%20jeta%20exam%20seshe%20student-der%20deya%20hoy%3F,https://facebook.com/nilkhetenglishcare,Tier 1 (Immediate Hook),"Directly targets Dhaka University, Eden College, and Dhaka College students heading abroad."
