ID,Center Name,Zone,Address,Distance (km),Phone Number,Normalized WhatsApp,WhatsApp Outreach Link,Facebook Page,Priority,Status / Notes
ielts-001,Global Citizen Institute,Panthapath & Green Road,"69/E, Panthapath, Green Road, Dhaka-1205",0.4,01955-544771,8801955544771,https://wa.me/8801955544771?text=Assalamu%20Alaikum%20Sir/Ma%27am%2C%0A%0APanthapath/Dhanmondi-te%20apnader%20Global%20Citizen%20Institute-er%20IELTS%20coaching%20activities%20regularly%20follow%20kori.%0A%0AAmar%20ekta%20quick%20proshno%20chhilo%3A%20Apnader%20ekhon%20je%20students-ra%20Computer-Delivered%20%28CD%29%20IELTS-er%20preparation%20nichhe%2C%20tader%20jonno%20ki%20apnader%20offline%2020%2B%20computer-er%20dedicated%20mock%20test%20lab%20ache%3F%0A%0ANa%20thakle%2C%20amra%20Dhanmondi/Panthapath-e%20ekta%20dedicated%2022-seat%20Computer-Delivered%20IELTS%20Lab%20set%20up%20korechi%20%28partitions%2C%20soundproof%20headsets%2C%20instant%20AI%20diagnostic%20scorecard%29.%0A%0AAmra%20local%20centers-der%20wholesale%20partner%20hishebe%20facility%20provide%20korchi%E2%80%94apnara%20apnader%20brand-e%20students-der%20CD%20mock%20test%20nite%20parben.%0A%0AApnake%20ki%20ekta%20sample%20printed%20A4%20diagnostic%20report%20pathabo%20jeta%20exam%20seshe%20student-der%20deya%20hoy%3F,https://facebook.com/globalcitizeninstitute,Tier 1 (Immediate Hook),Directly at Panthapath. Zero computer lab setup. High student foot traffic.
ielts-002,Patronus Education,Panthapath & Green Road,"69/B Monowara Plaza (3rd Floor), Panthapath Signal, Dhaka",0.3,01708-466474,8801708466474,https://wa.me/8801708466474?text=Assalamu%20Alaikum%20Sir/Ma%27am%2C%0A%0APanthapath/Dhanmondi-te%20apnader%20Patronus%20Education-er%20IELTS%20coaching%20activities%20regularly%20follow%20kori.%0A%0AAmar%20ekta%20quick%20proshno%20chhilo%3A%20Apnader%20ekhon%20je%20students-ra%20Computer-Delivered%20%28CD%29%20IELTS-er%20preparation%20nichhe%2C%20tader%20jonno%20ki%20apnader%20offline%2020%2B%20computer-er%20dedicated%20mock%20test%20lab%20ache%3F%0A%0ANa%20thakle%2C%20amra%20Dhanmondi/Panthapath-e%20ekta%20dedicated%2022-seat%20Computer-Delivered%20IELTS%20Lab%20set%20up%20korechi%20%28partitions%2C%20soundproof%20headsets%2C%20instant%20AI%20diagnostic%20scorecard%29.%0A%0AAmra%20local%20centers-der%20wholesale%20partner%20hishebe%20facility%20provide%20korchi%E2%80%94apnara%20apnader%20brand-e%20students-der%20CD%20mock%20test%20nite%20parben.%0A%0AApnake%20ki%20ekta%20sample%20printed%20A4%20diagnostic%20report%20pathabo%20jeta%20exam%20seshe%20student-der%20deya%20hoy%3F,https://facebook.com/patronuseducation,Tier 1 (Immediate Hook),Directly at Panthapath signal building. Offers regular IELTS batches without large PC lab.
ielts-003,SA Associates (Study Abroad & IELTS),Panthapath & Green Road,"Suite 503, SS Properties, 17/C West Panthapath (Near Square Hospital)",0.5,01750-037773,8801750037773,https://wa.me/8801750037773?text=Assalamu%20Alaikum%20Sir/Ma%27am%2C%0A%0APanthapath/Dhanmondi-te%20apnader%20SA%20Associates%20%28Study%20Abroad%20%26%20IELTS%29-er%20IELTS%20coaching%20activities%20regularly%20follow%20kori.%0A%0AAmar%20ekta%20quick%20proshno%20chhilo%3A%20Apnader%20ekhon%20je%20students-ra%20Computer-Delivered%20%28CD%29%20IELTS-er%20preparation%20nichhe%2C%20tader%20jonno%20ki%20apnader%20offline%2020%2B%20computer-er%20dedicated%20mock%20test%20lab%20ache%3F%0A%0ANa%20thakle%2C%20amra%20Dhanmondi/Panthapath-e%20ekta%20dedicated%2022-seat%20Computer-Delivered%20IELTS%20Lab%20set%20up%20korechi%20%28partitions%2C%20soundproof%20headsets%2C%20instant%20AI%20diagnostic%20scorecard%29.%0A%0AAmra%20local%20centers-der%20wholesale%20partner%20hishebe%20facility%20provide%20korchi%E2%80%94apnara%20apnader%20brand-e%20students-der%20CD%20mock%20test%20nite%20parben.%0A%0AApnake%20ki%20ekta%20sample%20printed%20A4%20diagnostic%20report%20pathabo%20jeta%20exam%20seshe%20student-der%20deya%20hoy%3F,https://facebook.com/saassociatesbd,Tier 1 (Immediate Hook),Large consultancy near Square Hospital. Sends students to external mock centers.
ielts-004,IELTS Professor,Sukrabad & Mirpur Road,"Raisa Bhaban (5th Floor), 100/A-B Sukrabad, Opposite Metro Shopping Mall",0.6,01711-238495,8801711238495,https://wa.me/8801711238495?text=Assalamu%20Alaikum%20Sir/Ma%27am%2C%0A%0APanthapath/Dhanmondi-te%20apnader%20IELTS%20Professor-er%20IELTS%20coaching%20activities%20regularly%20follow%20kori.%0A%0AAmar%20ekta%20quick%20proshno%20chhilo%3A%20Apnader%20ekhon%20je%20students-ra%20Computer-Delivered%20%28CD%29%20IELTS-er%20preparation%20nichhe%2C%20tader%20jonno%20ki%20apnader%20offline%2020%2B%20computer-er%20dedicated%20mock%20test%20lab%20ache%3F%0A%0ANa%20thakle%2C%20amra%20Dhanmondi/Panthapath-e%20ekta%20dedicated%2022-seat%20Computer-Delivered%20IELTS%20Lab%20set%20up%20korechi%20%28partitions%2C%20soundproof%20headsets%2C%20instant%20AI%20diagnostic%20scorecard%29.%0A%0AAmra%20local%20centers-der%20wholesale%20partner%20hishebe%20facility%20provide%20korchi%E2%80%94apnara%20apnader%20brand-e%20students-der%20CD%20mock%20test%20nite%20parben.%0A%0AApnake%20ki%20ekta%20sample%20printed%20A4%20diagnostic%20report%20pathabo%20jeta%20exam%20seshe%20student-der%20deya%20hoy%3F,https://facebook.com/ieltsprofessor,Tier 1 (Immediate Hook),Sukrabad student hub. Currently relies heavily on paper mocks.
ielts-005,Meiji Education,Sukrabad & Kalabagan,"Green Landmark (4th Floor), 129 Kalabagan, Mirpur Road, Dhaka",0.8,01713-339900,8801713339900,https://wa.me/8801713339900?text=Assalamu%20Alaikum%20Sir/Ma%27am%2C%0A%0APanthapath/Dhanmondi-te%20apnader%20Meiji%20Education-er%20IELTS%20coaching%20activities%20regularly%20follow%20kori.%0A%0AAmar%20ekta%20quick%20proshno%20chhilo%3A%20Apnader%20ekhon%20je%20students-ra%20Computer-Delivered%20%28CD%29%20IELTS-er%20preparation%20nichhe%2C%20tader%20jonno%20ki%20apnader%20offline%2020%2B%20computer-er%20dedicated%20mock%20test%20lab%20ache%3F%0A%0ANa%20thakle%2C%20amra%20Dhanmondi/Panthapath-e%20ekta%20dedicated%2022-seat%20Computer-Delivered%20IELTS%20Lab%20set%20up%20korechi%20%28partitions%2C%20soundproof%20headsets%2C%20instant%20AI%20diagnostic%20scorecard%29.%0A%0AAmra%20local%20centers-der%20wholesale%20partner%20hishebe%20facility%20provide%20korchi%E2%80%94apnara%20apnader%20brand-e%20students-der%20CD%20mock%20test%20nite%20parben.%0A%0AApnake%20ki%20ekta%20sample%20printed%20A4%20diagnostic%20report%20pathabo%20jeta%20exam%20seshe%20student-der%20deya%20hoy%3F,https://facebook.com/meijieducation,Tier 1 (Immediate Hook),Kalabagan hub. Ideal candidate for batch mock test leasing.
ielts-006,Zakaria's Creative IELTS Course,Farmgate & Indira Road,"House 25/C, Indira Road, Farmgate, Dhaka",1.7,01798-107040,8801798107040,https://wa.me/8801798107040?text=Assalamu%20Alaikum%20Sir/Ma%27am%2C%0A%0APanthapath/Dhanmondi-te%20apnader%20Zakaria%27s%20Creative%20IELTS%20Course-er%20IELTS%20coaching%20activities%20regularly%20follow%20kori.%0A%0AAmar%20ekta%20quick%20proshno%20chhilo%3A%20Apnader%20ekhon%20je%20students-ra%20Computer-Delivered%20%28CD%29%20IELTS-er%20preparation%20nichhe%2C%20tader%20jonno%20ki%20apnader%20offline%2020%2B%20computer-er%20dedicated%20mock%20test%20lab%20ache%3F%0A%0ANa%20thakle%2C%20amra%20Dhanmondi/Panthapath-e%20ekta%20dedicated%2022-seat%20Computer-Delivered%20IELTS%20Lab%20set%20up%20korechi%20%28partitions%2C%20soundproof%20headsets%2C%20instant%20AI%20diagnostic%20scorecard%29.%0A%0AAmra%20local%20centers-der%20wholesale%20partner%20hishebe%20facility%20provide%20korchi%E2%80%94apnara%20apnader%20brand-e%20students-der%20CD%20mock%20test%20nite%20parben.%0A%0AApnake%20ki%20ekta%20sample%20printed%20A4%20diagnostic%20report%20pathabo%20jeta%20exam%20seshe%20student-der%20deya%20hoy%3F,https://facebook.com/zakariascreativeielts,Tier 1 (Immediate Hook),Popular boutique tutor on Indira Road. High candidate conversion on WhatsApp.
ielts-007,The Message Institute,Azimpur & Nilkhet,"118, 2 No Dayera Sharif Gate, Azimpur, Dhaka-1205",2.8,01718-660604,8801718660604,https://wa.me/8801718660604?text=Assalamu%20Alaikum%20Sir/Ma%27am%2C%0A%0APanthapath/Dhanmondi-te%20apnader%20The%20Message%20Institute-er%20IELTS%20coaching%20activities%20regularly%20follow%20kori.%0A%0AAmar%20ekta%20quick%20proshno%20chhilo%3A%20Apnader%20ekhon%20je%20students-ra%20Computer-Delivered%20%28CD%29%20IELTS-er%20preparation%20nichhe%2C%20tader%20jonno%20ki%20apnader%20offline%2020%2B%20computer-er%20dedicated%20mock%20test%20lab%20ache%3F%0A%0ANa%20thakle%2C%20amra%20Dhanmondi/Panthapath-e%20ekta%20dedicated%2022-seat%20Computer-Delivered%20IELTS%20Lab%20set%20up%20korechi%20%28partitions%2C%20soundproof%20headsets%2C%20instant%20AI%20diagnostic%20scorecard%29.%0A%0AAmra%20local%20centers-der%20wholesale%20partner%20hishebe%20facility%20provide%20korchi%E2%80%94apnara%20apnader%20brand-e%20students-der%20CD%20mock%20test%20nite%20parben.%0A%0AApnake%20ki%20ekta%20sample%20printed%20A4%20diagnostic%20report%20pathabo%20jeta%20exam%20seshe%20student-der%20deya%20hoy%3F,https://facebook.com/themessageinstitute,Tier 1 (Immediate Hook),Oldest established center in Azimpur/Nilkhet. 0 computer facilities for CD-IELTS.
ielts-008,Language Academy Bangladesh,Dhanmondi,"SEL SUFI SQUARE, Level 11, Plot 58, Road 27, Dhanmondi R/A",1.4,01820-006677,8801820006677,https://wa.me/8801820006677?text=Assalamu%20Alaikum%20Sir/Ma%27am%2C%0A%0APanthapath/Dhanmondi-te%20apnader%20Language%20Academy%20Bangladesh-er%20IELTS%20coaching%20activities%20regularly%20follow%20kori.%0A%0AAmar%20ekta%20quick%20proshno%20chhilo%3A%20Apnader%20ekhon%20je%20students-ra%20Computer-Delivered%20%28CD%29%20IELTS-er%20preparation%20nichhe%2C%20tader%20jonno%20ki%20apnader%20offline%2020%2B%20computer-er%20dedicated%20mock%20test%20lab%20ache%3F%0A%0ANa%20thakle%2C%20amra%20Dhanmondi/Panthapath-e%20ekta%20dedicated%2022-seat%20Computer-Delivered%20IELTS%20Lab%20set%20up%20korechi%20%28partitions%2C%20soundproof%20headsets%2C%20instant%20AI%20diagnostic%20scorecard%29.%0A%0AAmra%20local%20centers-der%20wholesale%20partner%20hishebe%20facility%20provide%20korchi%E2%80%94apnara%20apnader%20brand-e%20students-der%20CD%20mock%20test%20nite%20parben.%0A%0AApnake%20ki%20ekta%20sample%20printed%20A4%20diagnostic%20report%20pathabo%20jeta%20exam%20seshe%20student-der%20deya%20hoy%3F,https://facebook.com/languageacademybd,Tier 2 (High Value Partner),High fee charging academy on Road 27. Value-conscious about student experience.
ielts-009,Edbase English,Dhanmondi,"House 91/1, Road 11/A, Dhanmondi, Dhaka",1.9,01851-137610,8801851137610,https://wa.me/8801851137610?text=Assalamu%20Alaikum%20Sir/Ma%27am%2C%0A%0APanthapath/Dhanmondi-te%20apnader%20Edbase%20English-er%20IELTS%20coaching%20activities%20regularly%20follow%20kori.%0A%0AAmar%20ekta%20quick%20proshno%20chhilo%3A%20Apnader%20ekhon%20je%20students-ra%20Computer-Delivered%20%28CD%29%20IELTS-er%20preparation%20nichhe%2C%20tader%20jonno%20ki%20apnader%20offline%2020%2B%20computer-er%20dedicated%20mock%20test%20lab%20ache%3F%0A%0ANa%20thakle%2C%20amra%20Dhanmondi/Panthapath-e%20ekta%20dedicated%2022-seat%20Computer-Delivered%20IELTS%20Lab%20set%20up%20korechi%20%28partitions%2C%20soundproof%20headsets%2C%20instant%20AI%20diagnostic%20scorecard%29.%0A%0AAmra%20local%20centers-der%20wholesale%20partner%20hishebe%20facility%20provide%20korchi%E2%80%94apnara%20apnader%20brand-e%20students-der%20CD%20mock%20test%20nite%20parben.%0A%0AApnake%20ki%20ekta%20sample%20printed%20A4%20diagnostic%20report%20pathabo%20jeta%20exam%20seshe%20student-der%20deya%20hoy%3F,https://facebook.com/edbaseenglish,Tier 2 (High Value Partner),Road 11/A Dhanmondi. High English medium student density.
ielts-010,Eduko Pathways,Dhanmondi,"MIDAS Center (Level 8), House 5, Road 27, Dhanmondi",1.3,01799-993377,8801799993377,https://wa.me/8801799993377?text=Assalamu%20Alaikum%20Sir/Ma%27am%2C%0A%0APanthapath/Dhanmondi-te%20apnader%20Eduko%20Pathways-er%20IELTS%20coaching%20activities%20regularly%20follow%20kori.%0A%0AAmar%20ekta%20quick%20proshno%20chhilo%3A%20Apnader%20ekhon%20je%20students-ra%20Computer-Delivered%20%28CD%29%20IELTS-er%20preparation%20nichhe%2C%20tader%20jonno%20ki%20apnader%20offline%2020%2B%20computer-er%20dedicated%20mock%20test%20lab%20ache%3F%0A%0ANa%20thakle%2C%20amra%20Dhanmondi/Panthapath-e%20ekta%20dedicated%2022-seat%20Computer-Delivered%20IELTS%20Lab%20set%20up%20korechi%20%28partitions%2C%20soundproof%20headsets%2C%20instant%20AI%20diagnostic%20scorecard%29.%0A%0AAmra%20local%20centers-der%20wholesale%20partner%20hishebe%20facility%20provide%20korchi%E2%80%94apnara%20apnader%20brand-e%20students-der%20CD%20mock%20test%20nite%20parben.%0A%0AApnake%20ki%20ekta%20sample%20printed%20A4%20diagnostic%20report%20pathabo%20jeta%20exam%20seshe%20student-der%20deya%20hoy%3F,https://facebook.com/edukopathways,Tier 2 (High Value Partner),Road 27 MIDAS center. Premium study abroad clients.
ielts-011,Saifur's Farmgate Branch,Farmgate & Indira Road,"Farmview Super Market / Indira Road, Farmgate",1.8,01713-432020,8801713432020,https://wa.me/8801713432020?text=Assalamu%20Alaikum%20Sir/Ma%27am%2C%0A%0APanthapath/Dhanmondi-te%20apnader%20Saifur%27s%20Farmgate%20Branch-er%20IELTS%20coaching%20activities%20regularly%20follow%20kori.%0A%0AAmar%20ekta%20quick%20proshno%20chhilo%3A%20Apnader%20ekhon%20je%20students-ra%20Computer-Delivered%20%28CD%29%20IELTS-er%20preparation%20nichhe%2C%20tader%20jonno%20ki%20apnader%20offline%2020%2B%20computer-er%20dedicated%20mock%20test%20lab%20ache%3F%0A%0ANa%20thakle%2C%20amra%20Dhanmondi/Panthapath-e%20ekta%20dedicated%2022-seat%20Computer-Delivered%20IELTS%20Lab%20set%20up%20korechi%20%28partitions%2C%20soundproof%20headsets%2C%20instant%20AI%20diagnostic%20scorecard%29.%0A%0AAmra%20local%20centers-der%20wholesale%20partner%20hishebe%20facility%20provide%20korchi%E2%80%94apnara%20apnader%20brand-e%20students-der%20CD%20mock%20test%20nite%20parben.%0A%0AApnake%20ki%20ekta%20sample%20printed%20A4%20diagnostic%20report%20pathabo%20jeta%20exam%20seshe%20student-der%20deya%20hoy%3F,https://facebook.com/saifursbd,Tier 2 (Volume Potential),"Large student volume, almost exclusively paper-based. Batch overflow opportunity."
ielts-012,PIE Education,Farmgate & Panthapath,Green Road / Farmgate crossing,1.2,01711-889922,8801711889922,https://wa.me/8801711889922?text=Assalamu%20Alaikum%20Sir/Ma%27am%2C%0A%0APanthapath/Dhanmondi-te%20apnader%20PIE%20Education-er%20IELTS%20coaching%20activities%20regularly%20follow%20kori.%0A%0AAmar%20ekta%20quick%20proshno%20chhilo%3A%20Apnader%20ekhon%20je%20students-ra%20Computer-Delivered%20%28CD%29%20IELTS-er%20preparation%20nichhe%2C%20tader%20jonno%20ki%20apnader%20offline%2020%2B%20computer-er%20dedicated%20mock%20test%20lab%20ache%3F%0A%0ANa%20thakle%2C%20amra%20Dhanmondi/Panthapath-e%20ekta%20dedicated%2022-seat%20Computer-Delivered%20IELTS%20Lab%20set%20up%20korechi%20%28partitions%2C%20soundproof%20headsets%2C%20instant%20AI%20diagnostic%20scorecard%29.%0A%0AAmra%20local%20centers-der%20wholesale%20partner%20hishebe%20facility%20provide%20korchi%E2%80%94apnara%20apnader%20brand-e%20students-der%20CD%20mock%20test%20nite%20parben.%0A%0AApnake%20ki%20ekta%20sample%20printed%20A4%20diagnostic%20report%20pathabo%20jeta%20exam%20seshe%20student-der%20deya%20hoy%3F,https://facebook.com/pieeducation,Tier 2 (Volume Potential),High traffic Farmgate/Green Road junction.
ielts-013,New Market Academic English Care,New Market & Nilkhet,"Nilkhet Super Market Area (Near Babupura Road), Dhaka",2.4,01819-445566,8801819445566,https://wa.me/8801819445566?text=Assalamu%20Alaikum%20Sir/Ma%27am%2C%0A%0APanthapath/Dhanmondi-te%20apnader%20New%20Market%20Academic%20English%20Care-er%20IELTS%20coaching%20activities%20regularly%20follow%20kori.%0A%0AAmar%20ekta%20quick%20proshno%20chhilo%3A%20Apnader%20ekhon%20je%20students-ra%20Computer-Delivered%20%28CD%29%20IELTS-er%20preparation%20nichhe%2C%20tader%20jonno%20ki%20apnader%20offline%2020%2B%20computer-er%20dedicated%20mock%20test%20lab%20ache%3F%0A%0ANa%20thakle%2C%20amra%20Dhanmondi/Panthapath-e%20ekta%20dedicated%2022-seat%20Computer-Delivered%20IELTS%20Lab%20set%20up%20korechi%20%28partitions%2C%20soundproof%20headsets%2C%20instant%20AI%20diagnostic%20scorecard%29.%0A%0AAmra%20local%20centers-der%20wholesale%20partner%20hishebe%20facility%20provide%20korchi%E2%80%94apnara%20apnader%20brand-e%20students-der%20CD%20mock%20test%20nite%20parben.%0A%0AApnake%20ki%20ekta%20sample%20printed%20A4%20diagnostic%20report%20pathabo%20jeta%20exam%20seshe%20student-der%20deya%20hoy%3F,https://facebook.com/nilkhetenglishcare,Tier 1 (Immediate Hook),Directly targets Dhaka University / Eden College / Dhaka College students heading abroad.
